port,server,comment,level
0,�����˿ڣ���ʹ�ã������͹��̲�׼�����ܻظ���Ϣ���������ΪԴ�˿ڣ�,,
1,tcpmux,TCP �˿ڷ����·����,
2,����ʵ�ó���,,
3,ѹ������,,
5,rje,Զ����ҵ���,
7,echo,Echo ����,
9,discard,�������Ӳ��ԵĿշ���,
11,systat,�����о������˵Ķ˿ڵ�ϵͳ״̬,
13,daytime,�����������������ں�ʱ��,
15,NETSTAT Э��,,
17,qotd,�������˵���������ÿ�ո���,
18,msp,��Ϣ����Э��,
19,chargen,�ַ����ɷ��񣻷�����ֹ�����ַ���,
20,ftp-data,FTP ���ݶ˿�,
21,ftp,�ļ�����Э�飨FTP���˿ڣ���ʱ���ļ�����Э�飨FSP��ʹ��,
22,ssh,��ȫ Shell��SSH������,
23,telnet,Telnet ����,
24,Ԥ�����������ʼ�ϵͳ,,
25,smtp,���ʼ�����Э�飨SMTP��,
26,RSFTP,һ���򵥵����� FTP ��Э��,
27,NSW �û�ϵͳ FE,,
29,MSG ICP,,
31,"MSG��֤,ľ��Master Paradise��HackersParadise",,
33,��ʾ֧��Э��,,
35,QMS Magicolor 2 printer,������������,
37,time,ʱ��Э��,
38,·�ɷ���Э��,,
39,Resource Location Protocol,��Դ��λЭ��,
41,ͼ��,,
42,nameserver,���������Ʒ���,
43,nicname,WHOIS Ŀ¼����,
44,MPM(��Ϣ����ģ��)��־Э��,,
45,��Ϣ����ģ��,,
46,��Ϣ����ģ��(Ĭ�Ϸ��Ϳ�),,
47,NI FTP,,
48,������Ƶ��̨����,,
49,tacacs,���ڻ��� TCP/IP ��֤�ͷ��ʵ��ն˷��ʿ��������ʿ���ϵͳ,
50,re-mail-ck,Զ���ʼ����Э��,
51,IMP(�ӿ���Ϣ������)�߼���ַά��,,
52,ʩ���������ϵͳʱ��Э��,,
53,domain,���������� BIND��,
54,ʩ���������ϵͳƱ�ݽ���,,
55,ISIͼ������,,
56,Զ�̷���Э��,,
57,MTP���ʼ�����Э��,,
58,ʩ���������ϵͳ�ʼ�,,
59,Ԥ�������ļ�����,,
60,δ����,,
61,NI�ʼ�,,
62,�첽ͨѶ����������,,
63,whois++,WHOIS++������չ�˵� WHOIS ����,
64,ͨѶ�ӿ�,,
65,TACACS���ݿ����,,
66,Oracle SQL*NET,,
67,bootps,����Э�飨BOOTP�����񣻻�����̬��������Э�飨DHCP������ʹ��,
68,bootpc,Bootstrap��BOOTP���ͻ���������̬��������Э�飨DHCP���ͻ�ʹ��,
69,tftp,С�ļ�����Э�飨TFTP��,
70,gopher,Gopher �������ĵ���Ѱ�ͼ���,
71,netrjs-1,Զ����ҵ����,
72,netrjs-2,Զ����ҵ����,
73,netrjs-3,Զ����ҵ����,
74,Զ����ҵ����,,
75,Ԥ�������˲�������,,
76,�ֲ�ʽ�ⲿ����洢,,
77,Ԥ��������Զ����ҵ�������,,
78,����TCP,,
79,finger,�����û���ϵ��Ϣ�� Finger ����,
80,http,������ά����WWW������ĳ��ı�����Э�飨HTTP��,
81,HTTP Ԥ�� (���ı�����Э��),,
83,ģ�黯�����ն�ML�豸,,
84,����׷���豸,,
85,ģ�黯�����ն�ML�豸,,
86,Micro Focus Cobol�������,,
87,Ԥ���������ն�����,,
88,kerberos,Kerberos ������֤ϵͳ,
89,SU/MIT telnet(�ն˷�������),,
90,DNSIX ��ȫ���Ա��ͼ,,
91,MIT Dover���ѻ�,,
92,�����ӡЭ��,,
93,�豸����Э��,,
94,Tivoli�������,,
95,supdup,Telnet Э����չ,
96,DIXIEЭ��淶,,
97,����Զ�������ļ�Э��,,
98,TAC����Э��,,
99,���ų���ncx99,,
100,δ֪��;,,
101,hostname,SRI-NIC �����ϵ�����������,
102,iso-tsap,ISO ����������ISODE������Ӧ��,
103,Genesis ��Ե㴫������,,
105,csnet-ns,�������Ʒ�������Ҳ�� CSO ���Ʒ�����ʹ��,
106,3COM-TSMUX,,
107,rtelnet,Զ�� Telnet,
108,SNA ���ط��ʷ���,,
109,pop2,�ʾ�Э��汾2,
110,pop3,�ʾ�Э��汾3,
111,sunrpc,����Զ������ִ�е�Զ�̹��̵��ã�RPC��Э�飬�������ļ�ϵͳ��NFS��ʹ��,
112,McIDAS,���ݴ���Э��,
113,ident,�ɵķ���������ʶ��ϵͳ����Ȼ�� IRC ������������֤�����û�,
114,��Ƶ���Ŷ�����,,
115,sftp,��ȫ�ļ�����Э�飨SFTP������,
116,ANSA REX ֪ͨ,,
117,uucp-path,Unix �� Unix ����Э�飨UUCP��·������,
118,SQL ����,,
119,nntp,���� USENET ����ϵͳ���������Ŵ���Э�飨NNTP��,
121,ľ��BO jammerkillahV,,
122,SMAKY����,,
123,ntp,����ʱ��Э�飨NTP��,
128,GSS X������֤,,
129,����������Э��,,
130,Cisco����,,
131,Cisco����,,
132,Cisco����,,
133,ͳ�Ʒ���,,
134,INGRES-�������,,
135,EPMAP (End Point Mapper) / Microsoft RPC Locator Service,,
136,����ϵͳ,,
137,netbios-ns,�ں�ñ��ҵ Linux �б� Samba ʹ�õ� NETBIOS ���Ʒ���,
138,netbios-dgm,�ں�ñ��ҵ Linux �б� Samba ʹ�õ� NETBIOS ���ݱ�����,
139,netbios-ssn,�ں�ñ��ҵ Linux �б� Samba ʹ�õ�NET BIOS �Ự����,
140,EMFIS���ݷ���,,
141,EMFIS���Ʒ���,,
143,imap,��������Ϣ��ȡЭ�飨IMAP��,
144,UMA����,,
145,UAACЭ��,,
149,AED 512�������,,
150,SQL(�ṹ����ѯ����)-����,,
152,"BFTP, Background File Transfer Program",,
153,"SGMP, Simple Gateway Monitoring Protocol",,
156,SQL ����,,
158,"DMSP, Distributed Mail Service Protocol",,
159,NSS-·��,,
160,SGMP-����,,
161,snmp,���������Э�飨SNMP��,
162,snmptrap,SNMP ������,
163,cmip-man,ͨ�ù�����ϢЭ�飨CMIP��,
164,cmip-agent,ͨ�ù�����ϢЭ�飨CMIP��,
166,Siriusϵͳ,,
169,����,,
170,Print-srv,,
174,mailq,MAILQ,
177,xdmcp,X ��ʾ����������Э��,
178,nextstep,NeXTStep ���ڷ�����,
179,bgp,�߽�����Э��,
180,ͼ��,,
181,ͳһ,,
184,OC������,,
185,Զ��-KIS,,
186,KIS Э��,,
187,Ӧ��ͨ�Žӿ�,,
189,�����ļ�����,,
190,���ؽ������Э��,,
191,prospero,Cliffod Neuman �� Prospero ����,
192,OSU �������ϵͳ,,
193,Spider Զ�̿���Э��,,
194,irc,�������м����죨IRC��,
197,Ŀ¼��ַ����,,
198,Ŀ¼��ַ���������,,
199,smux,SNMP UNIX ��·����,
200,IBMϵͳ��Դ������,,
201,at-rtmp,AppleTalk ѡ·,
202,at-nbp,AppleTalk ���ư�,
203,AppleTalk(Mac�����õ�����Э��)δ�ö˿�,,
204,at-echo,AppleTalk echo ����,
205,AppleTalk(Mac�����õ�����Э��)δ�ö˿�,,
206,at-zis,AppleTalk ������Ϣ,
207,AppleTalk(Mac�����õ�����Э��)δ�ö˿�,,
208,AppleTalk(Mac�����õ�����Э��)δ�ö˿�,,
209,qmtp,�����ʼ�����Э�飨QMTP��,
210,z39.50,NISO Z39.50 ���ݿ�,
211,Texas Instruments 914C/G�ն�,,
213,ipx,����������齻��Э�飨IPX������ Novell Netware �������õ����ݱ�Э��,
218,MPP����Ϣ����Э��,,
219,Unisys ARPs,,
220,imap3,��������Ϣ��ȡЭ��汾3,
223,֤��ַ�����,,
224,masq������,,
241,Ԥ���˿� (224-241),,
245,link,LINK,
246,��ʾϵͳЭ��,,
257,��ȫ���ӽ���ϵͳ,,
258,Yak Winsock ��������,,
259,"ESRO, Efficient Short Remote Operations",,
261,IIOP ����TLS/SSL����������,,
264,BGMP��Border Gateway Multicast Protocol,,
266,SCSI(С�ͼ����ϵͳ�ӿ�)on ST,,
267,Tobit David�����,,
268,Tobit David����,,
281,��������,,
282,Cable�˿�A/X,,
286,FXPͨ��,,
308,Novastor Online Backup,,
311,"Apple Server-Admin-Tool, Workgroup-Manager-Tool",,
313,Magenta�߼�,,
318,TSP��ʱ���Э�飨Ӣ�Time Stamp Protocol��,,
323,"IMMP, Internet Message Mapping Protocol",,
333,Texar��ȫ�˿�,,
344,Prospero���ݴ�ȡЭ��,,
345,Perf��������̨,,
346,Zebra������,,
347,fatserv,Fatmen ������,
348,Cabletron����Э��,,
358,Shrink�������ҵ�Э��,,
359,���簲ȫ���չ���Э��,,
362,SRS����,,
363,rsvp_tunnel,RSVP ����,
366,"SMTP, Simple Mail Transfer Protocol. ODMR, On-Demand Mail Relay",,
369,rpc2portmap,Coda �ļ�ϵͳ�˿�ӳ����,
370,codaauth2,Coda �ļ�ϵͳ��֤����,
371,ClearCase albd,,
372,ulistproc,UNIX Listserv,
373,Legend��˾,,
374,Legend��˾,,
376,AmigaEnvoy�����ѯЭ��,,
377,NEC��˾,,
378,NEC��˾,,
379,TIA/EIA/IS-99���ƽ�����ͻ���,,
380,TIA/EIA/IS-99���ƽ����������,,
381,hp(����)���������ռ���,,
382,hp(����)�������ݿ��ƽڵ�,,
383,HP OpenView HTTPs Operations Agent,,
384,һ��Զ�����������ϵͳ,,
385,IBMӦ�ó���,,
386,ASA��Ϣ·���������ļ�.,,
387,"AURP, AppleTalk Update-based Routing Protocol",,
389,ldap,����Ŀ¼��ȡЭ�飨LDAP��,
395,������ӿ���Э��,,
396,Novell(����Novell��˾)Netware(Novell��˾�����������ϵͳ)over IP,,
400,����վ�������,,
401,UPS Uninterruptible Power Supply,,
402,GenieЭ��,,
406,����ʽ�ʼ�֧��Э��,,
408,Prospero��Դ��������,,
409,Prospero��Դ�ڵ����.,,
410,DEC(�����豸��˾)Զ�̵���Э��,,
411,Direct Connect Hub port,,
412,Direct Connect Client-To-Client port,,
413,�洢��������Э��,,
414,��Ϣ��ѯ,,
415,B����,,
423,IBM�����ƻ��Ϳ��ƿ���,,
424,IBM�����ƻ��Ϳ���׷��,,
425,���ܼ�����������,,
427,svrloc,����λ��Э�飨SLP��,
434,mobileip-agent,���ƻ�����Э�飨IP������,
435,mobilip-mn,���ƻ�����Э�飨IP��������,
443,https,��ȫ���ı�����Э�飨HTTP��,
444,snpp,С�������ҳЭ��,
445,microsoft-ds,ͨ�� TCP/IP �ķ�������Ϣ�飨SMB��,
446,DDM-Զ�̹�ϵ���ݿ����,,
447,DDM-�ֲ�ʽ�ļ�����,,
448,DDM-ʹ�ð�ȫ����Զ�����ݿ�,,
456,ľ��HACKERS PARADISE,,
458,apple quick time����,,
459,ampr-rcmd����,,
464,Kerberos Change/Set password,Kerberos �����Կ�׸Ļ�����,
465,SMTP over SSL,,
468,photuris,Photuris �ỰԿ�׹���Э��,
469,�㲥����Э��,,
470,scx-����,,
472,ljk-��½,,
475,"tcpnethaspsrv��Hasp services, TCP/IP version��",,
481,Ph����,,
487,saft,�򵥲��Գ��ļ����䣨SAFT��Э��,
488,gss-http,���� HTTP ��ͨ�ð�ȫ����GSS��,
489,nest-Э��,,
491,go-��½,,
496,pim-rp-disc,����Э������Ķ�ַ������PIM������Ļ�ϵ㷢�֣�RP-DISC��,
497,dantz backup service,,
499,ISO ILLЭ��,,
500,isakmp,��������ȫ������Կ�׹���Э�飨ISAKMP��,
502,Modbus��Protocol,,
509,����,,
510,FirstClassЭ��,,
512,"exec, Remote Process Execution",,
513,Who,,
514,syslog,����ϵͳ��־��¼,
515,Line Printer Daemon,����LPD��ӡ���������е�ϵͳ��־��¼ ,
516,���ӻ�����,,
517,Talk,,
518,NTalk,,
519,unixʱ��,,
520,Routing - RIP,,
524,"NCP��NetWare Core Protocol��is used for a variety things such as access to primary NetWare server resources, Time Synchronization, etc.",,
525,Timed��Timeserver,,
531,"AOL Instant Messenger, IRC",,
532,netnews,,
533,"netwall, For Emergency Broadcasts",,
534,MegaMedia������,,
535,iiop,�������ڲ������������Э�飨IIOP��,
537,������ý��Э��,,
538,gdomap,GNUstep �ֲ�ʽ����ӳ������GDOMAP��,
540,UUCP (Unix-to-Unix Copy Protocol),,
542,commerce (Commerce Applications),,
543,"klogin, Kerberos login",,
544,"kshell, Kerberos Remote shell",,
546,dhcpv6-client,��̬��������Э�飨DHCP���汾6�ͻ�,
547,dhcpv6-server,��̬��������Э�飨DHCP���汾6����,
548,AFP (Apple Filing Protocol),,
550,"new-rwho, new-who",,
552,�豸����,,
554,rtsp,ʵʱ����Э�飨RTSP��,
555,ľ��PhAse1.0��Stealth Spy��IniKiller,,
556,"Remotefs, rfs, rfs_server",,
560,"rmonitor, Remote Monitor",,
561,monitor,,
563,nntps,ͨ����ȫ�׽��ֲ���������Ŵ���Э�飨NNTPS��,
564,plan 9�ļ�����,,
565,whoami,whoami,
566,streettalk,,
567,banyan-rpc(Զ�̹��̵���),,
568,DPA��Ա�ʸ�,,
569,MSN��Ա�ʸ�,,
570,demon(���Լල����),,
571,udemon(���Լල����),,
572,����,,
573,banyan-���,,
574,FTP��������ϵͳ,,
581,Bundle Discovery Э��,,
582,SCC��ȫ,,
583,Philips��Ƶ����,,
584,��Կ������,,
585,IMAP4+SSL (Use 993 instead),,
586,�������,,
587,submission,�ʼ���Ϣ�ύ������MSA��,
589,Eye����,,
591,FileMaker 6.0����֮��汾�����繲����HTTP ��������� 80 �˿ڣ�,,
593,"HTTP RPC Ep Map��RPC over HTTP, often used by DCOM services and Microsoft Exchange Server��",,
595,CABЭ��,,
597,PTC���Ʒ���,,
598,SCO�������������3,,
599,Aeolon CoreЭ��,,
600,Sun IPC(���̼�ͨѶ)������,,
601,�ɿ�ϵͳ��½����,,
604,TUNNEL,,
606,Crayͳһ��Դ����,,
608,������-����/�ṩ �ļ�������,,
609,npmp-����,,
610,npmp-local,�����������Э�飨NPMP������ / �ֲ�ʽ�Ŷ�ϵͳ��DQS��,
611,npmp-gui,�����������Э�飨NPMP��GUI / �ֲ�ʽ�Ŷ�ϵͳ��DQS��,
612,hmmp-ind,HMMP ָʾ / DQS,
613,HMMP����,,
614,SSL(�����׽���Э���)shell(��),,
615,Internet���ù���,,
616,SCO(Unixϵͳ)ϵͳ����������,,
617,SCO�������������,,
619,Compaq(���ع�˾)EVM,,
620,SCO����������,,
623,ASFԶ�̹�������Э��,,
624,Crypto����,,
631,ipp,��������ӡЭ�飨IPP��,
633,�������(Sterling����),,
636,ldaps,ͨ����ȫ�׽��ֲ������Ŀ¼����Э�飨LDAPS��,
637,������������,,
639,"MSDP, Multicast Source Discovery Protocol",,
641,repcmd����,,
646,"LDP, Label Distribution Protocol",,
647,DHCP Failover Protocol,,
648,"RRP, Registry Registrar Protocol",,
649,Cadview-3d����Э��,,
652,"DTCP, Dynamic Tunnel Configuration Protocol",,
654,"AODV, Ad hoc On-Demand Distance Vector",,
665,"sun-dr, Remote Dynamic Reconfiguration",,
666,����սʿ������ƽ̨�ϵ�һϵ�е�һ�˳������Ϸ��,,
674,acap,Ӧ�ó������ô�ȡЭ�飨ACAP��,
691,MS Exchange Routing,,
692,Hyperwave-ISP,,
694,Linux-HA High availability Heartbeat port,���ڴ��и߿����Ե�Ⱥ������������,
695,IEEE-MMS-SSL,,
698,"OLSR, Optimized Link State Routing",,
699,Access Network,,
700,"EPP, Extensible Provisioning Protocol",,
701,"LMP, Link Management Protocol.",,
702,IRIS over BEEP,,
706,"SILC, Secure Internet Live Conferencing",,
711,"TDP, Tag Distribution Protocol",,
712,"TBRPF, Topology Broadcast based on Reverse-Path Forwarding",,
720,"SMQP, Simple Message Queue Protocol",,
749,kerberos-adm,Kerberos �汾5��v5���ġ�kadmin�����ݿ����,
750,kerberos-iv,Kerberos �汾4��v4������,
765,webster,����ʵ�,
767,phonebook,����绰��,
782,Conserver serial-console management server,,
808,ccproxy http/gopher/ftp (over http)Э��,,
829,CMP (Certificate Management Protocol),,
860,iSCSI,,
873,rsync,rsync �ļ��������,
901,Samba Web Administration Tool (SWAT),,
902,VMware ,����������̨,
904,Vmware, ����������̨�������� 902 �˿��ѱ�ռ�ã�,
911,Network Console on Acid��NCA�� - local tty redirection over OpenSSH,,
981,SofaWare Technologies Remote HTTPS management for firewall devices running embedded Checkpoint Firewall-1 software,,
989,FTP Protocol (data) over TLS/SSL,,
990,FTP Protocol (control) over TLS/SSL,,
991,NAS (Netnews Admin System),,
992,telnets,ͨ����ȫ�׽��ֲ�� Telnet��TelnetS��,
993,imaps,ͨ����ȫ�׽��ֲ�Ļ�������Ϣ��ȡЭ�飨IMAPS��,
994,ircs,ͨ����ȫ�׽��ֲ�Ļ������м����죨IRCS��,
995,pop3s,ͨ����ȫ�׽��ֲ���ʾ�Э��汾3��POPS3��,
1001,ľ��Silencer��WebEx,,
1011,ľ��Doly,,
1024,YAI����,"��̬�˿ڵĿ�ʼ,ľ��yai",
1025,NFS-or-IIS,,
1026,Often utilized by Microsoft DCOM services,,
1027,Ӧ�ò����ط���,,
1029,Often utilized by Microsoft DCOM services,,
1030,Ӧ�ò����ط���,,
1031,BBN IAD,,
1033,����������Ϣ�˿�,,
1034,ͬ��֪ͨ,,
1036,��ȫ���ִ���Э��,,
1058,nim AIX Network Installation Manager,,
1059,nimreg,,
1070,ľ��Psyber Stream��Streaming Audio,,
1071,�������,,
1074,�������,,0
1080,SOCKS proxy,,
1099,RMI Registry,,
1109,Kerberos POP,,
1110,����˹������������,,
1125,����˹������������,,
1140,AutoNOC,,
1158,Oracle EMCTL,,
1167,"phone, conference calling",,
1176,Perceptive Automation Indigo home control server,,
1182,AcceleNet,,
1194,OpenVPN,,
1198,The cajo project Free dynamic transparent distributed computing in Java,,
1200,Steam Friends Applet,,
1203,����֤��Ч�˿�,,
1204,��½��������˿�,,
1206,Anthony���ݶ˿�,,
1214,Kazaa,,
1222,SNI R&D����˿�,,
1223,TGP: ��TrulyGlobal Protocol�� aka ��The Gur Protocol��,,
1233,�ձ�ĸ�¼�������˿�,,
1234,ľ��SubSeven2.0��Ultors Trojan,,
1241,Nessus Security Scanner,,
1243,ľ��SubSeven1.0/1.9,,
1245,ľ��Vodoo��GabanBus��NetBus��Vodoo,,
1248,NSClient/NSClient++/NC_Net (Nagios),,
1270,Microsoft Operations Manager 2005 agent (MOM 2005),,
1273,EMC-���ض˿�,,
1289,JWalk�������˿�,,
1290,WinJa�������˿�,,
1311,Dell Open Manage Https Port,,
1313,Xbiim (Canvii server) Port,,
1333,�������(�������)(svchost.exe),,
1334,�������(svchost.exe),,
1335,���ֹ���Э��,,
1336,��ʱ����Э��(svchost.exe),,
1337,WASTE Encrypted File Sharing Program,,
1349,ע������Э��˿�,,
1350,ע������Э��˿�,,
1352,IBM Lotus Notes/Domino RPC,,
1371,��ʿͨ����Э��˿�,,
1372,��ʿͨ����Э��˿�,,
1374,EPI����ϵͳ�˿�,,
1376,IBM����-���������˿�,,
1377,Cichlid����֤�����˿�,,
1378,Elan����֤�����˿�,,
1380,Telesis��������֤�����˿�,,
1381,ƻ����������֤�����˿�,,
1386,CheckSum ����֤�����˿�,,
1387,Computer Aided Design Software Inc LM (cadsi-lm ),,
1388,���ݿ���ٻ���˿�,,
1389,�ĵ������˿�,,
1390,�洢�������˿�,,
1391,�洢����ȡ�������˿�,,
1392,��ӡ�����˿�,,
1393,�����½�������˿�,,
1394,�����½�ͻ��˶˿�,,
1395,PC����վ���������˿�,,
1396,DVL��Ծ�ʼ��˿�,,
1397,��Ƶ��Ծ�ʼ��˿�,,
1398,��Ƶ��Ծ�ʼ��˿�,,
1399,Cadkey����֤�����˿�,,
1414,IBM MQSeries,,
1431,RGTP,,
1433,Microsoft SQL database system,,
1434,Microsoft SQL Monitor,,
1492,ľ��FTP99CMP,,
1494,Citrix Presentation Server ICA Client,,
1509,ľ��Psyber Streaming Server,,
1512,WINS,,
1521,Oracle,,
1524,"ingreslock, ingres",,
1526,Oracle database common alternative for listener,,
1533,IBM Sametime IM - Virtual Places Chat,,
1547,Laplink,,
1550,Gadu-Gadu (Direct Client-to-Client),,
1581,MIL STD 2045-47001 VMF,,
1589,Cisco VQP (VLAN Query Protocol) / VMPS,,
1600,ľ��Shivka-Burka,,
1627,iSketch,,
1645,Զ����֤�����û�����,,
1677,Novell GroupWise clients in client/server access mode,,
1701,"l2tp, Layer 2 Tunnelling protocol",,
1716,America��s Army MMORPG Default Game Port,,
1723,Microsoft PPTP VPN,,
1725,Valve Steam Client,,
1731,NetMeeting��Ƶ���ÿ���,,
1755,"Microsoft Media Services (MMS, ms-streaming)",,
1761,cft-0,,
1761,Novell Zenworks Remote Control utility,,
1801,Microsoft��Ϣ���з�����,,
1807,ľ��SpySender,,
1812,"radius, RADIUS authentication protocol",,
1813,"radacct, RADIUS accounting protocol",,
1863,"Windows Live Messenger, MSN",,
1900,Microsoft SSDP Enables discovery of UPnP devices,,
1912,��ɽ�ʰ�,,
1935,Real Time Messaging Protocol (RTMP) raw protocol,,
1970,Danware Data NetOp Remote Control,,
1971,Danware Data NetOp School,,
1972,InterSystems Cach��,,
1981,ľ��ShockRave,,
1984,Big Brother - network monitoring tool,,
1985,Cisco HSRP,,
1994,STUN-SDLC protocol for tunneling,,
1998,Cisco X.25 service (XOT),,
1999,"ľ��BackDoor,yai",,
2000,Cisco SCCP (Skinny),,
2001,"ľ��Millenium 1.0��Trojan Cow,�ڶ�2001",,
2002,Cisco Secure Access Control Server (ACS) for Windows,,
2003,GNU ��ѯ,,
2023,ľ��Pass Ripper,,
2030,Oracle Services for Microsoft Transaction Server,,
2031,mobrien-chat - Mike O��Brien November 2004,,
2049,"nfs, NFS Server",,
2049,shilp,,
2053,"knetd, Kerberos de-multiplexor",,
2056,Civilization 4 multiplayer,,
2073,DataReel Database,,
2074,Vertel VMF SA (i.e. App.. SpeakFreely),,
2082,Infowave Mobility Server,,0
2082,"CPanel, default port",,
2083,Secure Radius Service (radsec),,0
2083,CPanel default SSL port,,
2086,GNUnet,,
2086,WebHost Manager default port,,
2087,WebHost Manager default SSL port,,
2095,CPanel default webmail port,,
2096,CPanel default SSL webmail port,,
2110,Oracle XDB FTP,,
2115,ľ��Bugs,,
2140,ľ��Deep Throat 1.0/3.0��The Invasor,,
2161,?-APC Agent,,
2181,zookeeper ,,
2181,EForward-document transport system,,
2200,Tuxanci game server,,
2219,NetIQ NCAP Protocol,,
2220,NetIQ End2End,,
2222,DirectAdmin��s default port,,
2222,Microsoft Office OS X antipiracy network monitor [1],,
2301,HP System Management Redirect to port 2381,,
2302,ArmA multiplayer (default for game),,
2302,Halo: Combat Evolved multiplayer,,
2303,ArmA multiplayer (default for server reporting) (default port for game +1),,
2305,ArmA multiplayer (default for VoN) (default port for game +3),,
2369,Default port for BMC Software CONTROL-M/Server - Configuration Agent port number - though often changed during installation,,
2370,Default port for BMC Software CONTROL-M/Server - Port utilized to allow the CONTROL-M/Enterprise Manager to connect to the CONTROL-M/Server - though often changed during installation,,
2375,Docker remote api,,
2381,HP Insight Manager default port for webserver,,
2404,IEC 60870-5-104,,
2427,Cisco MGCP,,
2447,ovwdb - OpenView Network Node Manager (NNM) daemon,,
2483,"Oracle database listening port for unsecure client connections to the listener, replaces port 1521",,
2484,Oracle database listening port for SSL client connections to the listener,,
2500,Ӧ�ù̶��˿ڻỰ���Ƶ�RPC�ͻ�,,
2504,����ƽ�⸺��,,
2546,Vytal Vault - Data Protection Services,,
2565,ľ��Striker,,
2583,ľ��Wincrash 2.0,,
2593,RunUO - Ultima Online server,,
2598,"new ICA - when Session Reliability is enabled, TCP port 2598 replaces port 1494",,
2601,zebra·��,,
2604,zebra·��,,
2612,QPasa from MQSoftware,,
2710,XBT Bittorrent Tracker,,
2710,Knuddels.de,,
2735,NetIQ Monitor Console,,
2801,ľ��Phineas Phucker,,
2809,"corbaloc:iiop URL, per the CORBA 3.0.3 specification.",,
2847,ŵ�ٷ���������,,
2944,Megaco Text H.248,,
2945,Megaco Binary (ASN.1) H.248,,
2948,WAP-push Multimedia Messaging Service (MMS),,
2949,WAP-pushsecure Multimedia Messaging Service (MMS),,
2967,Symantec AntiVirus Corporate Edition,,
3000,Miralix License server,,
3000,"Distributed Interactive Simulation (DIS), modifiable default port",,
3001,Miralix Phone Monitor,,
3002,Miralix CSTA,,
3003,Miralix GreenBox API,,
3004,Miralix InfoLink,,
3006,Miralix SMS Client Connector,,
3007,Miralix OM Server,,
3024,ľ��WinCrash,,
3025,netpd.org,,
3050,gds_db (Interbase/Firebird),,
3074,Xbox Live,,
3128,HTTP used by web caches and the default port for the Squid cache,,
3129,ľ��Master Paradise,,
3150,"ľ��The Invasor,deep throat",,
3210,ľ��SchoolBus,,
3260,iSCSI target,,
3268,"msft-gc, Microsoft Global Catalog (LDAP service which contains data from Active Directory forests)",,
3269,"msft-gc-ssl, Microsoft Global Catalog over SSL (similar to port 3268, LDAP over SSL version)",,
3300,TripleA game server,,
3305,ODETTE-FTP,,
3306,MySQL,,
3333,Network Caller ID server,,
3386,GTP�� 3GPP GSM/UMTS CDR logging protocol,,
3389,Զ������Э����RDP��,,
3396,Novell NDPS Printer Agent,,
3456,inetinfo.exe(��������Ϣ����)��VATĬ������,,
3457,VATĬ�Ͽ���,,
3527,Microsoft��Ϣ���з�����,,
3689,DAAP Digital Audio Access Protocol used by Apple��s iTunes,,
3690,Subversion version control system,,
3700,ľ��Portal of Doom,,
3702,"Web Services Dynamic Discovery (WS-Discovery), used by various components of Windows Vista",,
3724,World of Warcraft Online gaming MMORPG,,
3784,Ventrilo VoIP program used by Ventrilo,,
3785,Ventrilo VoIP program used by Ventrilo,,
3868,Diameter base protocol,,
3872,Oracle Management Remote Agent,,
3899,Remote Administrator,,
3900,Unidata UDT OS udt_os,,
3945,"Emcads server service port, a Giritech product used by G/On",,
3996,ľ��RemoteAnything,,
4000,Diablo II game NoMachine Network Server (nxd),,
4007,PrintBuzzer printer monitoring socket server,,
4060,ľ��RemoteAnything,,
4089,OpenCORE Remote Control Service,,
4092,ľ��WinCrash,,
4093,PxPlus Client server interface ProvideX,,
4096,Bridge-Relay Element ASCOM,,
4100,WatchGuard Authentication Applet - default port,,
4111,Xgrid,,
4111,Microsoft Office SharePoint Portal Server - Ĭ�Ϲ����˿�,,
4133,NUTS Bootp������,,
4134,NIFTY-Serve HMIЭ��,,
4141,Workflow������,,
4142,�ĵ�������,,
4143,�ĵ�����,,
4145,VVR����,,
4224,Cisco CDP Cisco discovery Protocol,,
4226,Aleph One (computer game),,
4321,Զ��Who Is��ѯ,,
4333,΢��sql������,,
4349,�ļ�ϵͳ�˿ڼ�¼,,
4350,�����豸,,
4351,PLCY�������,,
4453,NSS��������,,
4454,NSS��������,,
4455,PR�����û�,,
4456,PR���������,,
4457,PRע��,,
4480,Proxy+ HTTP�����˿�,,
4500,Lsass�����ܹر�,,
4547,Lanner���ɹ���,,
4555,RSIP�˿�,,
4569,Inter-Asterisk eXchange,,
4590,ľ��ICQTrojan,,
4662,OrbitNet Message Service,,
4662,ͨ������ eMule,,
4664,Google ��������,,
4672,eMule - ���ö˿�,,
4752,��������Ƶ������,,
4800,Icona������Ϣϵͳ,,
4801,Icona��������,,
4802,Icona����ϵͳ������,,
4848,glassfish,webӦ�÷���������̨�˿�,
4849,App������-Admin HTTPS,,
4894,LysKOM Protocol A,,
4899,Radmin Զ�̿��ƹ���,,
4950,ľ��IcqTrojan����5000�˿�,,
5000,Sybase/DB2,,
5000,commplex-main,,
5000,UPnP - Windows network device interoperability,,
5000,VTun - VPN ����,,
5001,Iperf (Tool for measuring TCP and UDP bandwidth performance),,
5001,Slingbox �� Slingplayer,,
5003,FileMaker Filemaker Pro,,
5004,RTP Real-time Transport Protocol,,
5005,RTP Real-time Transport Protocol,,
5006,wsm������,,
5007,wsm������ssl,,
5022,mice������,,
5031,AVM CAPI-over-TCP (ISDN over Ethernet tunneling),,
5050,Yahoo! Messenger,,
5051,ita-agent Symantec Intruder Alert,,
5052,ITA����,,
5060,Session Initiation Protocol (SIP),,
5061,Session Initiation Protocol (SIP) over Transport Layer Security (TLS),,
5093,SPSS License Administrator (SPSS),,
5104,IBM NetCOOL / IMPACT HTTP Service,,
5106,A-Talk Common connection,,
5107,A-Talk Զ�̷���������,,
5110,ProRat Server,,
5121,Neverwinter Nights,,
5137,MyCTS�������˿�,,
5150,Ascendͨ������Э��,,
5154,BZFlag��Ϸ������,,
5176,ConsoleWorks default UI interface,,
5190,ICQ and AOL Instant Messenger,,
5191,AmericaOnline1(��������),,
5192,AmericaOnline2(��������),,
5193,AmericaOnline3(��������),,
5222,XMPP/Jabber - client connection,,
5223,XMPP/Jabber - default port for SSL Client Connection,,
5225,HP(���չ�˾)������,,
5226,HP(���չ�˾),,
5232,SGI��ͼ�����˿�,,
5250,i����,,
5264,3Com����˿�1,,
5265,3Com����˿�2,,
5269,XMPP/Jabber - server connection,,
5306,Sun MC��,,
5321,ľ��Sockets de Troie����5321�˿�,,
5351,NAT Port Mapping Protocol - client-requested configuration for inbound connections through network address translators,,
5353,mDNS - multicastDNS,,
5400,ľ��Blade Runner,,
5401,ľ��Blade Runner,,
5402,StarBurst AutoCast MFTP,,
5405,NetSupport,,
5409,Salient���ݷ�����,,
5410,Salient�û�����,,
5415,NS������,,
5416,SNS����,,
5417,SNS����,,
5421,Net Support 2,,
5423,�����û�,,
5427,SCO-PEER-TTA(Unixϵͳ),,
5432,postgres,���ݿ�,
5445,Cisco Vid��o VT Advantage,,
5495,Applix TM1 Admin server,,
5498,Hotline tracker server connection,,
5499,Hotline tracker server discovery,,
5500,"VNC remote desktop protocol - for incoming listening viewer, Hotline control connection",,
5501,Hotline file transfer connection,,
5517,Setiqueue Proxy server client for SETI@Home project,,
5554,worm��Sasser�������ö˿�,,
5550,ľ��xtcp,,
5555,"Freeciv multiplay port for versions up to 2.0, Hewlett Packard Data Protector, SAP",,
5556,Freeciv multiplay port,,
5569,ľ��Robo-Hack,,
5599,��˾Զ�̰�ȫ��װ,,
5600,��˾��ȫ����,,
5601,��˾��ȫ����,,
5631,�������� pcAnywhere,,
5632,�������� pcAnywhere,,
5666,NRPE (Nagios),,
5667,NSCA (Nagios),,
5672,RabbitMQ-client,,
5673,JACL��Ϣ������,,
5675,V5UAӦ�ö˿�,,
5676,RA����,,
5678,Զ�̸��ƴ�������,,
5679,ֱ�ӵ�������,,
5720,MS-ִ��,,
5729,Openmail�û�������,,
5730,Steltor's��������,,
5731,netscape(����)suiteware,,
5732,netscape(����)suiteware,,
5742,ľ��WinCrash1.03,,
5745,fcopy-������,,
5746,fcopys-������,,
5755,OpenMail(�ʼ�������)�������ط�����,,
5757,OpenMail(�ʼ�������)X.500Ŀ¼������,,
5766,OpenMail (�ʼ�������)NewMail������,,
5767,OpenMail (�ʼ�������)���������(��ȫ),,
5768,OpenMail(�ʼ�������) CMTS������,,
5777,DALI�˿�,,
5800,VNC remote desktop protocol - for use over HTTP,,
5801,�����������,,
5802,"�����������HTTP����, d",,
5803,"�����������HTTP����, d",,
5814,Hewlett-Packard Support Automation (HP OpenView Self-Healing Services),,
5900,VNC remote desktop protocol (used by ARD),,
5901,��������������ʾ1,,
5902,��������������ʾ2,,
5903,��������������ʾ3,,
5984,CouchDB,,
6000,X11 - used between an X client and server over the network,,
6001,X11 - used between an X client and server over the network,,
6002,X Window ������,,
6003,X Window ������,,
6004,X Window ������,,
6005,Default port for BMC Software CONTROL-M/Server - Socket Port number used for communication between CONTROL-M processes - though often changed during installation,,
6006,X Window ������,,
6007,X Window ������,,
6008,X Window ������,,
6009,X Window ������,,
6050,Brightstor Arcserve Backup,,
6051,Brightstor Arcserve Backup,,
6100,Vizrt System,,
6110,softcm HP SoftBench CM,,
6111,spc HP SoftBench Sub-Process Control,,
6112,"Blizzard��s Battle.net gaming service, ArenaNet gaming service",,
6129,Dameware Remote Control,,
6257,WinMX ���μ� 6699 �˿ڣ�,,
6346,"gnutella-svc (FrostWire, Limewire, Bearshare, etc.)",,
6347,gnutella-rtr,,
6379,Redis,,
6444,Sun Grid Engine - Qmaster Service,,
6445,Sun Grid Engine - Execution Service,,
6456,SKIP֤�鷢��,,
6471,LVision���ɹ�����,,
6502,Danware Data NetOp Remote Control,,
6505,BoKS����˽�˶˿�,,
6506,BoKS���������˿�,,
6507,"BoKS Dir������,˽�˶˿�",,
6508,"BoKS Dir������,�����˿�",,
6509,MGCS-MFP�˿�,,
6510,MCER�˿�,,
6522,Gobby (and other libobby-based software),,
6543,Jetnet - default port that the Paradigm Research & Development Jetnet protocol communicates on,,
6566,SANE (Scanner Access Now Easy) - SANE network scanner daemon,,
6580,Parsec��������,,
6581,Parsec�Ե�����,,
6582,Parsec��Ϸ������,,
6588,AnalogX HTTP�����˿�,,
6600,Music Playing Daemon (MPD),,
6619,ODETTE-FTP over TLS/SSL,,
6631,Mitchell��������,,
6667,Internet���߽�̸,,
6668,Internet���߽�̸,,
6670,ľ��Deep Throat,,
6671,ľ��Deep Throat 3.0,,
6679,IRC SSL ����ȫ�������м����죩 - ͨ��ʹ�õĶ˿�,,
6697,IRC SSL ����ȫ�������м����죩 - ͨ��ʹ�õĶ˿�,,
6699,WinMX ���μ� 6257 �˿ڣ�,,
6701,KTI/ICAD���Ʒ�����,,
6788,SMC����-HTTP,,
6789,SMC����-HTTPS,,
6841,Netmo����Ĭ��,,
6842,Netmo HTTP����,,
6883,ľ��DeltaSource,,
6901,Windows Live Messenger ��������,,
6939,ľ��Indoctrination,,
6969,acmsoda,,
6969,BitTorrent tracker port,,
6970,real��Ƶ,,
7000,Default port for Azureus��s built in HTTPS Bittorrent Tracker,,
7001,Weblogic,,
7002,Weblogic,,
7003,������λ���ݿ�,,
7004,AFS/Kerberos��֤����,,
7005,Default port for BMC Software CONTROL-M/Server and CONTROL-M/Agent��s - Agent to Server port though often changed during installation,,
7006,Default port for BMC Software CONTROL-M/Server and CONTROL-M/Agent��s - Server to Agent port though often changed during installation,,
7007,Basic�ල����,,
7008,������-���������³���,,
7009,Զ�̻����������,,
7010,Default port for Cisco AON AMC (AON Management Console) [2],,
7011,Talon�������ֶ˿�,,
7012,Talon��������,,
7013,Microtalon����,,
7014,Microtalonͨ��,,
7015,Talon���������,,
7020,DP����,,
7021,DP�������,,
7025,Zimbra - lmtp [mailbox] - local mail delivery,,
7047,Zimbra - conversion server,,
7100,X���ͷ���,,
7121,����ԭ������֤����,,
7171,Tibia,,
7300,ľ��NetMonitor,,
7301,ľ��NetMonitor,,
7306,Zimbra - mysql [mailbox],,
7306,Netspy3.0����,,
7307,Zimbra - mysql [logger] - logger,,
7308,ľ��NetMonitor,,
7312,Sibelius License Server port,,
7323,Sygate��������,,
7511,ľ����������,,
7588,Sun����֤����,,
7597,ľ��Quaz,,
7626,ľ������,,
7633,PMDF����,,
7670,BrettspielWelt BSW Boardgame Portal,,
7674,iMQ SSLͨ��,,
7675,iMQͨ��,,
7676,ľ��Giscier,,
7720,Medͼ�����,,
7743,Sakura�ű�����Э��,,
7777,Default port used by Windows backdoor program tini.exe,,
7789,ľ��ICKiller,,
7797,Propel�������˿�,,
7798,Propel�������˿�,,
8000,iRDMI - often mistakenly used instead of port 8080 (The Internet Assigned Numbers Authority (iana.org) officially lists this port for iRDMI protocol),,
8000,Common port used for internet radio streams such as those using SHOUTcast,,
8001,VCOMͨ��,,
8002,Cisco Systems Unified Call Manager Intercluster Port,,
8007,Apache(����iis)jServЭ��1.x,,
8008,IBM HTTP Server Ĭ�Ϲ����˿�,,
8009,Apache JServ Э�� v13 (ajp13) ���磺Apache mod_jk Tomcat ��ʹ�á�,,
8010,XMPP/Jabber �ļ�����,,
8011,ľ��way2.4,,
8022,OA-ϵͳ,,
8069,zabbix,,
8074,Gadu-Gadu,,
8080,Apache Tomcat,,
8081,ICECap����̨,,
8082,BlackIce(��ֹ�ڿ�����)�������͵��˶˿�,,
8086,HELM Web Host Automation Windows Control Panel,,
8086,Kaspersky AV Control Center TCP Port,,
8087,Hosting Accelerator Control Panel,,
8087,Kaspersky AV Control Center UDP Port,,
8087,SW Soft Plesk �������,,
8090,Another HTTP Alternate (http_alt_alt) - used as an alternative to port 8080,,
8118,Privoxy web proxy - advertisements-filtering web proxy,,
8121,Apollo���ݶ˿�,,
8122,Apollo���������˿�,,
8161,ActiveMQ,,
8181,Imail,,
8200,GoToMyPC,,
8220,Bloomberg,,
8222,"VMware Server Management User Interface (insecure web interface)[3]. See also, port 8333",,
8225,ľ���Ҹ���,,
8291,Winbox - Default port on a MikroTik RouterOS for a Windows application used to administer MikroTik RouterOS,,
8294,Bloomberg,,
8311,ľ����������,,
8333,"VMware �����������û����棨��ȫ������棩[4]. See also, port 8222",,
8351,������Ѱ��,,
8400,Commvault Unified Data Management,,
8416,eSpeech SessionЭ��,,
8417,eSpeech RTPЭ��,,
8443,SW Soft Plesk Control Panel,,
8473,�����Ե�,,
8500,ColdFusion Macromedia/Adobe ColdFusion default Webserver port,,
8501,Duke Nukem 3D - Default Online Port,,
8668,�����ַת��,,
8767,TeamSpeak - Default UDP Port,,
8786,Message�ͻ���,,
8787,Message������,,
8880,WebSphere Application Server SOAP Connector port,,
8881,Atlasz Informatics Research Ltd Secure Application Server,,
8882,Atlasz Informatics Research Ltd Secure Application Server,,
8888,NewsEDGE server,,
8888,Sun Answerbook dwhttpd server (deprecated by?docs.sun.com),,
8888,GNUmp3d HTTP music streaming and web interface port,,
8888,Hero Fighter Network Game Server,,
8954,Cumulus�����˿�,,
8983,solr,,
9000,kafkamanager,,
9000,Buffalo LinkSystem web access,,
9000,DBGp,,
9000,UDPCast,,
9001,cisco-xremote router configuration,,
9001,Tor network default port,,
9001,DBGp Proxy,,
9002,��̬id��֤,,
9009,Pichat Server - Peer to peer chat software,,
9021,Pangolin��֤,,
9022,PrivateArkԶ�̴���,,
9023,��ȫ�����½-1,,
9024,��ȫ�����½-2,,
9025,��ȫ�����½-3,,
9026,��ȫ�����½-4,,
9043,WebSphere Application Server Administration Console secure port,,
9060,WebSphere Application Server Administration Console,,
9092,Kafka,,
9090,websphere,"	websphere����̨",
9100,Jetdirect HP Print Services,,
9101,Bacula Director,,
9102,Bacula File Daemon,,
9103,Bacula Storage Daemon,,
9110,SSMP Message protocol,,
9111,DragonIDS����̨,,
9119,MXit Instant Messenger,,
9200,ElasticSearch RESTful,,
9217,FSCͨѶ�˿�,,
9281,�������Ͷ˿�1,,
9282,�������Ͷ˿�2,,
9300,ElasticSearch ES�ڵ�ͨ��,,
9346,C��������,,
9400,ľ��Incommand 1.0,,
9401,ľ��Incommand 1.0,,
9402,ľ��Incommand 1.0,,
9535,"man, Remote Man Server",,
9535,mngsuite - Management Suite Remote Control,,
9594,��Ϣϵͳ,,
9595,Ping Discovery����,,
9800,WebDAV Source Port,,
9800,WebCT e-learning portal,,
9801,Sakura�ű�ת��Э��-2,,
9802,WebDAV Source TLS/SSL,,
9872,ľ��Portal of Doom,,
9873,ľ��Portal of Doom,,
9874,ľ��Portal of Doom,,
9875,ľ��Portal of Doom,,
9899,ľ��InIkiller,,
9909,����ʱ��,,
9911,SYPECom����Э��,,
9989,ľ��iNi-Killer,,
9990,OSM Applet���������,,
9991,OSM�¼�������,,
9999,Hydranode - edonkey2000 telnet control port,,
9999,Urchin Web Analytics,,
10000,Webmin - web based Linux admin tool,,
10000,BackupExec,,
10001,SCP����˿�,,
10005,��ȫԶ�̵�½,,
10008,"Octopus Multiplexer - CROMP protocol primary port, hoople.org",,
10017,"AIX,NeXT, HPUX - rexd daemon control port",,
10024,Zimbra - smtp [mta] - to amavis from postfix,,
10025,Ximbra - smtp [mta] - back to postfix from amavis,,
10050,zabbix-server,,
10051,zabbix-Agent,,
10067,ľ��iNi-Killer,,
10113,NetIQ Endpoint,,
10114,NetIQ Qcheck,,
10115,NetIQ Endpoint,,
10116,NetIQ VoIP Assessor,,
10167,ľ��iNi-Killer,,
10480,SWAT 4 Dedicated Server,,
11000,ľ��SennaSpy,,
11113,��ɽ�ʰ�,,
11211,memcached,,
11233,ľ��Progenic trojan,,
11235,Savage:Battle for Newerth Server Hosting,,
11294,Blood Quest Online Server,,
11371,OpenPGP HTTP Keyserver,,
11576,IPStor Server management communication,,
12035,Linden Lab viewer to sim,,
12076,ľ��Telecommando,,
12223,ľ��Hack'99 KeyLogger,,
12345,NetBus - remote administration tool (often Trojan horse). Also used by NetBuster. Little Fighter 2 (TCP).,,
12346,ľ��NetBus1.60/1.70��GabanBus,,
12361,ľ��Whack-a-mole,,
12975,LogMeIn Hamachi (VPN tunnel software;also port 32976),,
13223,PowWow �ͻ��ˣ���Tribal Voice���������,,
13224,PowWow ����������Tribal Voice���������,,
13720,Symantec NetBackup - bprd (formerly VERITAS),,
13721,Symantec NetBackup - bpdbm (formerly VERITAS),,
13724,Symantec Network Utility - vnet (formerly VERITAS),,
13782,Symantec NetBackup - bpcd (formerly VERITAS),,
13783,Symantec VOPIED protocol (formerly VERITAS),,
14567,Battlefield 1942 and mods,,
15000,psyBNC,,
15000,Wesnoth,,
15345,XPilot,,
15567,Battlefield Vietnam and mods,,
15672,RabbitMQ web,,
16000,shroudBNC,,
16080,Mac OS X Server performance cache for HTTP[5],,
16384,Iron Mountain Digital - online backup,,
16567,Battlefield 2 and mods,,
16959,ľ��Subseven,,
16969,ľ��Priority,,
17027,��������,,
17788,PPS ��·����,,
19191,ľ����ɫ����,,
19226,Panda Software AdminSecure Communication Agent,,
19638,Ensim Control Panel,,
19813,4D database Client Server Communication,,
20000,Usermin - ����������û�����,,
20001,ľ��Millennium,,
20034,ľ��NetBus Pro,,
20720,Symantec i3 Web GUI server,,
20880,Dubbo,,
21554,ľ��GirlFriend,,
22222,ľ��Prosiak,,
22347,WibuKey - default port for WibuKey Network Server of WIBU-SYSTEMS AG,,
22350,CodeMeter - default port for CodeMeter Server of WIBU-SYSTEMS AG,,
23444,ľ�����繫ţ,,
23456,ľ��Evil FTP��Ugly FTP,,
24554,binkp - Fidonet mail transfers over TCP/IP,,
24800,Synergy��keyboard/mouse sharing software,,
24842,StepMania��Online: Dance Dance Revolution Simulator,,
25672,RabbitMQ server���ڲ�ͨ��,,
25793,Vocaltec��ַ������,,
25999,Xfire,,
26000,"id Software��s Quake server,",,
26000,"CCP��s EVE Online Online gaming MMORPG,",,
26262,K3����-������,,
26263,K3�����ͻ���,,
26274,ľ��Delta,,
27000,(through 27006) id Software��s QuakeWorld master server,,
27010,Half-Life �����޸İ棬�� Counter-Strike,,
27015,Half-Life �����޸İ棬�� Counter-Strike,,
27017,MongoDB ,,
27018,MongoDB ,,
27374,Sub7��s default port. Most script kiddies do not change the default port.,,
27500,(through 27900) id Software��s QuakeWorld,,
27888,Kaillera server,,
27900,(through 27901) Nintendo Wi-Fi Connection,,
27901,(through 27910) id Software��s Quake II master server,,
27960,(through 27969) Activision��s Enemy Territory and id Software��s Quake III Arena and Quake III and some ioquake3 derived games,,
28017,MongoDB ,MongoDBͳ��ҳ��,
28910,������ Wi-Fi ����,,
28960,Call of Duty 2 Common Call of Duty 2 port - (PC Version),,
29900,(through 29901) Nintendo Wi-Fi Connection,,
29920,������ Wi-Fi ����,,
30000,Pokemon Netbattle,,
30100,ľ��NetSphere,,
30129,ľ��Masters Paradise,,
30303,ľ��Socket23,,
30564,Multiplicity��keyboard/mouse/clipboard sharing software,,
30999,ľ��Kuang,,
31337,Back Orifice - remote administration tool��often Trojan horse��,,
31337,xc0r3 - xc0r3 security antivir port,,
31338,ľ��BO(Back Orifice)��DeepBO,,
31339,ľ��NetSpy DK,,
31415,ThoughtSignal - Server Communication Service��often Informational��,,
31666,ľ��BOWhack,,
31789,Hack-a-tack,,
32245,MMTSG-mutualed over MMT (encrypted transmission),,
32770,sun solaris RPC����,,
33333,ľ��Prosiak,,
33434,traceroute,,
34324,ľ��Tiny Telnet Server��BigGluck��TN,,
36865,KastenX�����˿�,,
36963,Counter Strike 2D multiplayer port (2D clone of popular CounterStrike computer game),,
37777,Digital Video Recorder hardware,,
38201,Galaxy7��������ͨ��,,
39681,TurboNoteĬ�϶˿�,,
40000,SafetyNET p,,
40412,ľ��The Spy,,
40421,ľ��Masters Paradise,,
40422,ľ��Masters Paradise,,
40423,ľ��Masters Paradise,,
40426,ľ��Masters Paradise,,
40523,data packets,,
40843,CSCC ����ǽ,,
43190,IP-PROVISION,,
43210,ľ��SchoolBus 1.0/2.0,,
44321,PCP������(pmcd),,
44322,PCP������(pmcd)����,,
44334,΢�͸��˷���ǽ�˿�,,
44442,ColdFusion�����˿�,,
44443,ColdFusion�����˿�,,
44445,ľ��Happypig,,
45576,E��ʱ��רҵ����,,
47262,ľ��Delta,,
47624,Direct Play������,,
47806,ALCЭ��,,
47808,BACnet Building Automation and Control Networks,,
48003,Nimbus����,,
50000,SAP,,
50030,Hadoop,,
50070,Hadoop,,
50505,ľ��Sockets de Troie,,
50766,ľ��Fore,,
53001,ľ��Remote Windows Shutdown,,
54320,ľ��bo2000,,
54321,ľ��SchoolBus 1.0/2.0,,
61466,ľ��Telecommando,,
65000,ľ��Devil 1.03,,
65301,PC Anywhere����,,
,,,
